225836;https://ad.admitad.com/g/dra8qamlvk037e654884d22e56a5b7/?f_id=18282&ulp=https%3A%2F%2Fsantehmoll.ru%2Fproduct%2F1a221401vtd70%2F%3Futm_source%3Dadmitad%26utm_medium%3Dpartner-network&i=5;Тумба белый глянец/ясень шимо 44,7 см Акватон Вита 1A221401VTD70;Тумба
215841;https://ad.admitad.com/g/dra8qamlvk037e654884d22e56a5b7/?f_id=18282&ulp=https%3A%2F%2Fsantehmoll.ru%2Fproduct%2Fagger_exact_a2121100_odnozakhvatnyy_smesitel_dlya_vanny_dusha_s_dlinnym_povorotnym_izlivom_350_mm_ker%2F%3Futm_source%3Dadmitad%26utm_medium%3Dpartner-network&i=5;Смеситель для ванны Agger Exact A2121100;Смеситель для ванны
210172;https://ad.admitad.com/g/dra8qamlvk037e654884d22e56a5b7/?f_id=18282&ulp=https%3A%2F%2Fsantehmoll.ru%2Fproduct%2Fpuro_mod_696_190kh90_sm_v_o%2F%3Futm_source%3Dadmitad%26utm_medium%3Dpartner-network&i=5;Стальная ванна 190х90 см Kaldewei Puro 696 с покрытием Easy-Clean;Стальная ванна
210718;https://ad.admitad.com/g/dra8qamlvk037e654884d22e56a5b7/?f_id=18282&ulp=https%3A%2F%2Fsantehmoll.ru%2Fproduct%2Fzerkalo_toledo_50_v_sds_%2F%3Futm_source%3Dadmitad%26utm_medium%3Dpartner-network&i=5;Зеркало 45,4х73,6 см венге/северное дерево светлое Sanflor Толедо H0000001257;Зеркало
213613;https://ad.admitad.com/g/dra8qamlvk037e654884d22e56a5b7/?f_id=18282&ulp=https%3A%2F%2Fsantehmoll.ru%2Fproduct%2Fidealrain_dushevoy_garnitur_so_shtangoy_evo_diamond_l3_diametr_leyki_110_mm_kolichestvo_funkciy_3_2%2F%3Futm_source%3Dadmitad%26utm_medium%3Dpartner-network&i=5;Душевой гарнитур Ideal Standard IdealRain EVO Diamond L3 B2238AA;Душевой гарнитур
211793;https://ad.admitad.com/g/dra8qamlvk037e654884d22e56a5b7/?f_id=18282&ulp=https%3A%2F%2Fsantehmoll.ru%2Fproduct%2Fw80a_170_070w_p_like_panel_frontalnaya_dlya_vanny_like_a0_170kh70_sm_sht%2F%3Futm_source%3Dadmitad%26utm_medium%3Dpartner-network&i=5;Панель фронтальная 170 см Am.Pm Like W80A-170-070W-P;Панель фронтальная
211764;https://ad.admitad.com/g/dra8qamlvk037e654884d22e56a5b7/?f_id=18282&ulp=https%3A%2F%2Fsantehmoll.ru%2Fproduct%2Fw80a_150_070w_p_like_panel_frontalnaya_dlya_vanny_like_a0_150kh70_sm_sht%2F%3Futm_source%3Dadmitad%26utm_medium%3Dpartner-network&i=5;Панель фронтальная 150 см Am.Pm Like W80A-150-070W-P;Панель фронтальная
211765;https://ad.admitad.com/g/dra8qamlvk037e654884d22e56a5b7/?f_id=18282&ulp=https%3A%2F%2Fsantehmoll.ru%2Fproduct%2Fw80a_150_070w_a_like_vanna_akrilovaya_a0_150kh70_sm_sht%2F%3Futm_source%3Dadmitad%26utm_medium%3Dpartner-network&i=5;Акриловая ванна 150х70 см Am.Pm Like W80A-150-070W-A;Акриловая ванна
206790;https://ad.admitad.com/g/dra8qamlvk037e654884d22e56a5b7/?f_id=18282&ulp=https%3A%2F%2Fsantehmoll.ru%2Fproduct%2F2221090000_unitaz_podvesnoy_belyy_duravit_happy%2F%3Futm_source%3Dadmitad%26utm_medium%3Dpartner-network&i=5;Подвесной унитаз Duravit Happy D.2 2221090000;Подвесной унитаз
208809;https://ad.admitad.com/g/dra8qamlvk037e654884d22e56a5b7/?f_id=18282&ulp=https%3A%2F%2Fsantehmoll.ru%2Fproduct%2Fc503111wh_inspire_bide_napolnoe%2F%3Futm_source%3Dadmitad%26utm_medium%3Dpartner-network&i=5;Биде напольное Am.Pm Inspire C503111WH;Биде напольное
207652;https://ad.admitad.com/g/dra8qamlvk037e654884d22e56a5b7/?f_id=18282&ulp=https%3A%2F%2Fsantehmoll.ru%2Fproduct%2Ffoster_panel_s_zerkalom_i_svetilnikom_cvet_dub_sonoma_fos0206ds_tm_aqwella_%2F%3Futm_source%3Dadmitad%26utm_medium%3Dpartner-network&i=5;Зеркало 60х79,8 см дуб сонома Aqwella Foster FOS0206DS;Зеркало
203650;https://ad.admitad.com/g/dra8qamlvk037e654884d22e56a5b7/?f_id=18282&ulp=https%3A%2F%2Fsantehmoll.ru%2Fproduct%2Fomi_36_u_in_362_422_nerzhaveyushchaya_stal_4993485_%2F%3Futm_source%3Dadmitad%26utm_medium%3Dpartner-network&i=5;Кухонная мойка нержавеющая сталь Omoikiri Omi 36-U-IN;Кухонная мойка
200543;https://ad.admitad.com/g/dra8qamlvk037e654884d22e56a5b7/?f_id=18282&ulp=https%3A%2F%2Fsantehmoll.ru%2Fproduct%2Fe22bt45_ga_shtanga_contra_gorizontalnaya_khrom_%2F%3Futm_source%3Dadmitad%26utm_medium%3Dpartner-network&i=5;Горизонтальная штанга (угол 45°) Jacob Delafon Contra E22BT45-GA;Горизонтальная штанга
200616;https://ad.admitad.com/g/dra8qamlvk037e654884d22e56a5b7/?f_id=18282&ulp=https%3A%2F%2Fsantehmoll.ru%2Fproduct%2Fderzhatel_dlya_dusha_nastennyy%2F%3Futm_source%3Dadmitad%26utm_medium%3Dpartner-network&i=5;Держатель ручного душа Nobili AD147/9CR;Держатель
199607;https://ad.admitad.com/g/dra8qamlvk037e654884d22e56a5b7/?f_id=18282&ulp=https%3A%2F%2Fsantehmoll.ru%2Fproduct%2Fhg_verkhdush_raindance_e_400_x_400_mm_khr%2F%3Futm_source%3Dadmitad%26utm_medium%3Dpartner-network&i=5;Верхний душ Hansgrohe Raindance E Air 1jet 400×400 мм, ½’ 26252000;Верхний душ
197928;https://ad.admitad.com/g/dra8qamlvk037e654884d22e56a5b7/?f_id=18282&ulp=https%3A%2F%2Fsantehmoll.ru%2Fproduct%2Fpolka_dlya_polotenec20%2F%3Futm_source%3Dadmitad%26utm_medium%3Dpartner-network&i=5;Полка для полотенец 61 см Fixsen Antik FX-61115;Полка для полотенец
200229;https://ad.admitad.com/g/dra8qamlvk037e654884d22e56a5b7/?f_id=18282&ulp=https%3A%2F%2Fsantehmoll.ru%2Fproduct%2Feb2028_ra_e16_tumba_pod_rakovinu_vox_2_vydvyashch_80kh46kh45_2_orekhovoe_derevo_%2F%3Futm_source%3Dadmitad%26utm_medium%3Dpartner-network&i=5;Тумба ореховое дерево 80 см Jacob Delafon Vox EB2028-RA-E16;Тумба
194815;https://ad.admitad.com/g/dra8qamlvk037e654884d22e56a5b7/?f_id=18282&ulp=https%3A%2F%2Fsantehmoll.ru%2Fproduct%2Fgrt_smartcontrol_smesitel_dlya_vanny_dusha_komplekt_verkhney_montazhnoy_chasti_dlya_rapido_smartbox_kva3%2F%3Futm_source%3Dadmitad%26utm_medium%3Dpartner-network&i=5;Смеситель для ванны Grohe SmartControl 29149000;Смеситель для ванны
196201;https://ad.admitad.com/g/dra8qamlvk037e654884d22e56a5b7/?f_id=18282&ulp=https%3A%2F%2Fsantehmoll.ru%2Fproduct%2Fdushevaya_sistema_grohe_euphoria_260_concetto_so_smesitelem_dlya_dusha_23061002%2F%3Futm_source%3Dadmitad%26utm_medium%3Dpartner-network&i=5;Душевая система 260 мм Grohe Euphoria Concetto System 23061002;Душевая система
193627;https://ad.admitad.com/g/dra8qamlvk037e654884d22e56a5b7/?f_id=18282&ulp=https%3A%2F%2Fsantehmoll.ru%2Fproduct%2Fkerasan_retro_unitaz_napolnyy_pristavnoy_btw_sliv_v_stenu_cvet_belyy%2F%3Futm_source%3Dadmitad%26utm_medium%3Dpartner-network&i=5;Унитаз приставной Kerasan Retro 101601;Унитаз приставной
189599;https://ad.admitad.com/g/dra8qamlvk037e654884d22e56a5b7/?f_id=18282&ulp=https%3A%2F%2Fsantehmoll.ru%2Fproduct%2Fsmesitel_amagasaki_wh_latun_granit_belyy%2F%3Futm_source%3Dadmitad%26utm_medium%3Dpartner-network&i=5;Смеситель для кухни с подключением к фильтру белый Omoikiri Amagasaki-WH;Смеситель для кухни
189594;https://ad.admitad.com/g/dra8qamlvk037e654884d22e56a5b7/?f_id=18282&ulp=https%3A%2F%2Fsantehmoll.ru%2Fproduct%2Fsmesitel_amagasaki_bl_latun_granit_chernyy%2F%3Futm_source%3Dadmitad%26utm_medium%3Dpartner-network&i=5;Смеситель для кухни с подключением к фильтру черный Omoikiri Amagasaki-BL;Смеситель для кухни
189630;https://ad.admitad.com/g/dra8qamlvk037e654884d22e56a5b7/?f_id=18282&ulp=https%3A%2F%2Fsantehmoll.ru%2Fproduct%2F530230575_kludi_ambienta_odnorychazhnyy_smesitel_na_umyvalnik_dn_15%2F%3Futm_source%3Dadmitad%26utm_medium%3Dpartner-network&i=5;Смеситель для раковины с донным клапаном Kludi Ambienta 530230575;Смеситель для раковины
189441;https://ad.admitad.com/g/dra8qamlvk037e654884d22e56a5b7/?f_id=18282&ulp=https%3A%2F%2Fsantehmoll.ru%2Fproduct%2Fsetreve5_komplekt_jacob_delafon_reve_111300005_e4811_00%2F%3Futm_source%3Dadmitad%26utm_medium%3Dpartner-network&i=5;Комплект подвесной унитаз Jacob Delafon Reve E4811-00 + система инсталляции Geberit 111.300.00.5;Type Is not found in library
189074;https://ad.admitad.com/g/dra8qamlvk037e654884d22e56a5b7/?f_id=18282&ulp=https%3A%2F%2Fsantehmoll.ru%2Fproduct%2Fmoyka_daisen_78_ca_artgranit_karamel%2F%3Futm_source%3Dadmitad%26utm_medium%3Dpartner-network&i=5;Кухонная мойка карамель Artgranit Omoikiri Daisen 78-CA;Кухонная мойка
189334;https://ad.admitad.com/g/dra8qamlvk037e654884d22e56a5b7/?f_id=18282&ulp=https%3A%2F%2Fsantehmoll.ru%2Fproduct%2F51480001000_vitra_balance_neon_matrix_prinadlezhnost_dlya_vanny_panel_dlya_vanny_cvet_belyy%2F%3Futm_source%3Dadmitad%26utm_medium%3Dpartner-network&i=5;Фронтальная панель для ванны 170 см Vitra Comfort 51480001000;Фронтальная панель
189075;https://ad.admitad.com/g/dra8qamlvk037e654884d22e56a5b7/?f_id=18282&ulp=https%3A%2F%2Fsantehmoll.ru%2Fproduct%2Fmoyka_daisen_78_pa_artgranit_pastila%2F%3Futm_source%3Dadmitad%26utm_medium%3Dpartner-network&i=5;Кухонная мойка пастила Artgranit Omoikiri Daisen 78-PA;Кухонная мойка
189753;https://ad.admitad.com/g/dra8qamlvk037e654884d22e56a5b7/?f_id=18282&ulp=https%3A%2F%2Fsantehmoll.ru%2Fproduct%2Fsmesitel_shinagawa_wh_latun_granit_belyy%2F%3Futm_source%3Dadmitad%26utm_medium%3Dpartner-network&i=5;Смеситель для кухни белый Omoikiri Shinagawa-WH;Смеситель для кухни
187293;https://ad.admitad.com/g/dra8qamlvk037e654884d22e56a5b7/?f_id=18282&ulp=https%3A%2F%2Fsantehmoll.ru%2Fproduct%2Fkeuco_edition_400_polochka_dlya_dusha_so_skrebkom_alyuminiy%2F%3Futm_source%3Dadmitad%26utm_medium%3Dpartner-network&i=5;Полочка со скребком KEUCO Edition 400 11559170000;Полочка
182676;https://ad.admitad.com/g/dra8qamlvk037e654884d22e56a5b7/?f_id=18282&ulp=https%3A%2F%2Fsantehmoll.ru%2Fproduct%2F11675_010000_keuco_elegance_new_derzhatel_dlya_polotenec_bolshoy%2F%3Futm_source%3Dadmitad%26utm_medium%3Dpartner-network&i=5;Полка для полотенец 62 см KEUCO Elegance New 11675010000;Полка для полотенец
182296;https://ad.admitad.com/g/dra8qamlvk037e654884d22e56a5b7/?f_id=18282&ulp=https%3A%2F%2Fsantehmoll.ru%2Fproduct%2Fhg_croma_selest_s_1j_unica_dush_n_0_65%2F%3Futm_source%3Dadmitad%26utm_medium%3Dpartner-network&i=5;Душевой набор 0,65 м Hansgrohe Croma Select S 1jet 26564400;Душевой набор
181974;https://ad.admitad.com/g/dra8qamlvk037e654884d22e56a5b7/?f_id=18282&ulp=https%3A%2F%2Fsantehmoll.ru%2Fproduct%2Fhg_talis_select_s_smesitel_dlya_bide%2F%3Futm_source%3Dadmitad%26utm_medium%3Dpartner-network&i=5;Смеситель для биде с донным клапаном Hansgrohe Talis Select S 72202000;Смеситель для биде
181152;https://ad.admitad.com/g/dra8qamlvk037e654884d22e56a5b7/?f_id=18282&ulp=https%3A%2F%2Fsantehmoll.ru%2Fproduct%2Fhg_talis_s_260_smesitel_d_kukhni%2F%3Futm_source%3Dadmitad%26utm_medium%3Dpartner-network&i=5;Смеситель для кухни Hansgrohe Talis M51 72810000;Смеситель для кухни
182660;https://ad.admitad.com/g/dra8qamlvk037e654884d22e56a5b7/?f_id=18282&ulp=https%3A%2F%2Fsantehmoll.ru%2Fproduct%2Fkeuco_plan_verevka_dlya_belya_2_80_m%2F%3Futm_source%3Dadmitad%26utm_medium%3Dpartner-network&i=5;Веревка для белья 2,80 м KEUCO 04979070001;Веревка для белья
181972;https://ad.admitad.com/g/dra8qamlvk037e654884d22e56a5b7/?f_id=18282&ulp=https%3A%2F%2Fsantehmoll.ru%2Fproduct%2Fhg_talis_select_s_80_smes_d_rakoviny%2F%3Futm_source%3Dadmitad%26utm_medium%3Dpartner-network&i=5;Смеситель для раковины 80 с донным клапаном Hansgrohe Talis Select S 72040000;Смеситель для раковины
181964;https://ad.admitad.com/g/dra8qamlvk037e654884d22e56a5b7/?f_id=18282&ulp=https%3A%2F%2Fsantehmoll.ru%2Fproduct%2Fhg_talis_select_e_110_smesitel_d_rakov%2F%3Futm_source%3Dadmitad%26utm_medium%3Dpartner-network&i=5;Смеситель для раковины 110 с донным клапаном Hansgrohe Talis Select E 71750000;Смеситель для раковины
181968;https://ad.admitad.com/g/dra8qamlvk037e654884d22e56a5b7/?f_id=18282&ulp=https%3A%2F%2Fsantehmoll.ru%2Fproduct%2Fhg_talis_select_s_100_smes_d_rakoviny%2F%3Futm_source%3Dadmitad%26utm_medium%3Dpartner-network&i=5;Смеситель для раковины 100 с донным клапаном Hansgrohe Talis Select S 72042000;Смеситель для раковины
181961;https://ad.admitad.com/g/dra8qamlvk037e654884d22e56a5b7/?f_id=18282&ulp=https%3A%2F%2Fsantehmoll.ru%2Fproduct%2Fhg_talis_s_smesitel_dlya_dusha_vm_khrom%2F%3Futm_source%3Dadmitad%26utm_medium%3Dpartner-network&i=5;Смеситель для душа Hansgrohe Talis S 72600000;Смеситель для душа
182040;https://ad.admitad.com/g/dra8qamlvk037e654884d22e56a5b7/?f_id=18282&ulp=https%3A%2F%2Fsantehmoll.ru%2Fproduct%2Fhg_croma_select_e_1j_uni_dush_n_0_65%2F%3Futm_source%3Dadmitad%26utm_medium%3Dpartner-network&i=5;Душевой набор 0,65 м Hansgrohe Croma Select E 1jet 26584400;Душевой набор
181966;https://ad.admitad.com/g/dra8qamlvk037e654884d22e56a5b7/?f_id=18282&ulp=https%3A%2F%2Fsantehmoll.ru%2Fproduct%2Fhg_talis_select_e_240_smesitel_d_rakov%2F%3Futm_source%3Dadmitad%26utm_medium%3Dpartner-network&i=5;Смеситель для раковины 240 с донным клапаном Hansgrohe Talis Select E 71752000;Смеситель для раковины
182195;https://ad.admitad.com/g/dra8qamlvk037e654884d22e56a5b7/?f_id=18282&ulp=https%3A%2F%2Fsantehmoll.ru%2Fproduct%2Fhg_croma_select_e_var_port_dush_nab_1_60%2F%3Futm_source%3Dadmitad%26utm_medium%3Dpartner-network&i=5;Душевой набор Hansgrohe Croma Select E Vario 1,60 м 26413400;Душевой набор
181889;https://ad.admitad.com/g/dra8qamlvk037e654884d22e56a5b7/?f_id=18282&ulp=https%3A%2F%2Fsantehmoll.ru%2Fproduct%2Fhg_talis_e_smesitel_dlya_vanny%2F%3Futm_source%3Dadmitad%26utm_medium%3Dpartner-network&i=5;Смеситель для ванны Hansgrohe Talis E 71740000;Смеситель для ванны
181080;https://ad.admitad.com/g/dra8qamlvk037e654884d22e56a5b7/?f_id=18282&ulp=https%3A%2F%2Fsantehmoll.ru%2Fproduct%2Fhg_logis_smesitel_dlya_rakoviny7%2F%3Futm_source%3Dadmitad%26utm_medium%3Dpartner-network&i=5;Смеситель для раковины-чаши 190 без донного клапана Hansgrohe Logis 71091000;Смеситель для раковины
181083;https://ad.admitad.com/g/dra8qamlvk037e654884d22e56a5b7/?f_id=18282&ulp=https%3A%2F%2Fsantehmoll.ru%2Fproduct%2Fhg_komplekt_smesitelya_dlya_dusha_logis_sm%2F%3Futm_source%3Dadmitad%26utm_medium%3Dpartner-network&i=5;Смеситель для душа Hansgrohe Logis 71666000;Смеситель для душа
181896;https://ad.admitad.com/g/dra8qamlvk037e654884d22e56a5b7/?f_id=18282&ulp=https%3A%2F%2Fsantehmoll.ru%2Fproduct%2Fhg_talis_s_100_smesitel_dlya_rakoviny%2F%3Futm_source%3Dadmitad%26utm_medium%3Dpartner-network&i=5;Смеситель для раковины 100 без донного клапана Hansgrohe Talis S 72021000;Смеситель для раковины
181893;https://ad.admitad.com/g/dra8qamlvk037e654884d22e56a5b7/?f_id=18282&ulp=https%3A%2F%2Fsantehmoll.ru%2Fproduct%2Fhg_talis_e_smesitel_dlya_rakoviny_150%2F%3Futm_source%3Dadmitad%26utm_medium%3Dpartner-network&i=5;Смеситель для раковины 150 с донным клапаном Hansgrohe Talis E 71754000;Смеситель для раковины
182685;https://ad.admitad.com/g/dra8qamlvk037e654884d22e56a5b7/?f_id=18282&ulp=https%3A%2F%2Fsantehmoll.ru%2Fproduct%2Fkeuco_collection_moll_derzhatel_polotenca_450_mm%2F%3Futm_source%3Dadmitad%26utm_medium%3Dpartner-network&i=5;Полотенцедержатель 45 см KEUCO Collection Moll 12720010000;Полотенцедержатель
182688;https://ad.admitad.com/g/dra8qamlvk037e654884d22e56a5b7/?f_id=18282&ulp=https%3A%2F%2Fsantehmoll.ru%2Fproduct%2Fkeuco_collection_moll_derzhatel_zapasnogo_rulona%2F%3Futm_source%3Dadmitad%26utm_medium%3Dpartner-network&i=5;Держатель запасных рулонов KEUCO Collection Moll 12763010000;Держатель
182222;https://ad.admitad.com/g/dra8qamlvk037e654884d22e56a5b7/?f_id=18282&ulp=https%3A%2F%2Fsantehmoll.ru%2Fproduct%2Fkeuco_edition_400_tualetnyy_ershik_khrom%2F%3Futm_source%3Dadmitad%26utm_medium%3Dpartner-network&i=5;Ёршик KEUCO Edition 400 11564019000;Ёршик
181110;https://ad.admitad.com/g/dra8qamlvk037e654884d22e56a5b7/?f_id=18282&ulp=https%3A%2F%2Fsantehmoll.ru%2Fproduct%2Fhg_derzhatel_fixfit_porter_e%2F%3Futm_source%3Dadmitad%26utm_medium%3Dpartner-network&i=5;Шланговое подключение с держателем для душа Hansgrohe Fixfit Porter E 26485000;Шланговое подключение
182232;https://ad.admitad.com/g/dra8qamlvk037e654884d22e56a5b7/?f_id=18282&ulp=https%3A%2F%2Fsantehmoll.ru%2Fproduct%2Fkeuco_edition_11_korzinka_dlya_dusha_alyuminiy_anodirovannyy_serebristyy%2F%3Futm_source%3Dadmitad%26utm_medium%3Dpartner-network&i=5;Полочка 30 см KEUCO Edition 11 11158010000;Полочка
182233;https://ad.admitad.com/g/dra8qamlvk037e654884d22e56a5b7/?f_id=18282&ulp=https%3A%2F%2Fsantehmoll.ru%2Fproduct%2F11159010000_keuco_edition_11_korzinka_dlya_dusha%2F%3Futm_source%3Dadmitad%26utm_medium%3Dpartner-network&i=5;Полочка 30 см KEUCO Edition 11 11159010000;Полочка
182646;https://ad.admitad.com/g/dra8qamlvk037e654884d22e56a5b7/?f_id=18282&ulp=https%3A%2F%2Fsantehmoll.ru%2Fproduct%2Fkeuco_plan_kryuchok_khrom%2F%3Futm_source%3Dadmitad%26utm_medium%3Dpartner-network&i=5;Крючок KEUCO Plan 14916010000;Type Is not found in library
182653;https://ad.admitad.com/g/dra8qamlvk037e654884d22e56a5b7/?f_id=18282&ulp=https%3A%2F%2Fsantehmoll.ru%2Fproduct%2Fkeuco_plan_derzhatel_tualetnoy_bumagi_khrom%2F%3Futm_source%3Dadmitad%26utm_medium%3Dpartner-network&i=5;Держатель туалетной бумаги KEUCO Plan 14962010000;Держатель
181101;https://ad.admitad.com/g/dra8qamlvk037e654884d22e56a5b7/?f_id=18282&ulp=https%3A%2F%2Fsantehmoll.ru%2Fproduct%2Fhg_derzhatel_fixfit_porter_square%2F%3Futm_source%3Dadmitad%26utm_medium%3Dpartner-network&i=5;Шланговое подключение с держателем для душа Hansgrohe Fixfit Porter Square 26486000;Шланговое подключение
182243;https://ad.admitad.com/g/dra8qamlvk037e654884d22e56a5b7/?f_id=18282&ulp=https%3A%2F%2Fsantehmoll.ru%2Fproduct%2Fkeuco_edition_300_derzhatel_tual_bumagi_s_kryshkoy%2F%3Futm_source%3Dadmitad%26utm_medium%3Dpartner-network&i=5;Держатель туалетной бумаги KEUCO Edition 300 30060010000;Держатель
182645;https://ad.admitad.com/g/dra8qamlvk037e654884d22e56a5b7/?f_id=18282&ulp=https%3A%2F%2Fsantehmoll.ru%2Fproduct%2Fkeuco_plan_kryuchok_dlya_polotenca_khrom%2F%3Futm_source%3Dadmitad%26utm_medium%3Dpartner-network&i=5;Крючок KEUCO Plan 14914010000;Type Is not found in library
181205;https://ad.admitad.com/g/dra8qamlvk037e654884d22e56a5b7/?f_id=18282&ulp=https%3A%2F%2Fsantehmoll.ru%2Fproduct%2Fhg_croma_select_e_1_ruch_dush_bel_khr%2F%3Futm_source%3Dadmitad%26utm_medium%3Dpartner-network&i=5;Ручной душ Hansgrohe Croma Select E 1jet 26814400;Type Is not found in library
181903;https://ad.admitad.com/g/dra8qamlvk037e654884d22e56a5b7/?f_id=18282&ulp=https%3A%2F%2Fsantehmoll.ru%2Fproduct%2Fhg_talis_s_190_smesitel_dlya_rakoviny%2F%3Futm_source%3Dadmitad%26utm_medium%3Dpartner-network&i=5;Смеситель для раковины 190 с донным клапаном Hansgrohe Talis S 72031000;Смеситель для раковины
182644;https://ad.admitad.com/g/dra8qamlvk037e654884d22e56a5b7/?f_id=18282&ulp=https%3A%2F%2Fsantehmoll.ru%2Fproduct%2Fkaldewei_shumopogloshchayushchie_nakladki_dlya_vann_originalnye_7_shtuk%2F%3Futm_source%3Dadmitad%26utm_medium%3Dpartner-network&i=5;Шумопоглощающие накладки для ванн 6 штук Kaldewei 687675730000;Type Is not found in library
177454;https://ad.admitad.com/g/dra8qamlvk037e654884d22e56a5b7/?f_id=18282&ulp=https%3A%2F%2Fsantehmoll.ru%2Fproduct%2Fhg_72020000_talis_s_100_smesitel_dlya_rakoviny%2F%3Futm_source%3Dadmitad%26utm_medium%3Dpartner-network&i=5;Смеситель для раковины 100, однорычажный, со сливным гарнитуром Hansgrohe Talis S 72020000;Смеситель для раковины
177456;https://ad.admitad.com/g/dra8qamlvk037e654884d22e56a5b7/?f_id=18282&ulp=https%3A%2F%2Fsantehmoll.ru%2Fproduct%2Fhg_72400000_talis_s_smesitel_dlya_vanny%2F%3Futm_source%3Dadmitad%26utm_medium%3Dpartner-network&i=5;Смеситель для ванны Hansgrohe Talis S 72400000;Смеситель для ванны
177156;https://ad.admitad.com/g/dra8qamlvk037e654884d22e56a5b7/?f_id=18282&ulp=https%3A%2F%2Fsantehmoll.ru%2Fproduct%2Flaufen_pro_s_rakovina_1050x460_mm%2F%3Futm_source%3Dadmitad%26utm_medium%3Dpartner-network&i=5;Раковина 105 см Laufen Pro S 8.1396.6.000.104.1;Type Is not found in library
179689;https://ad.admitad.com/g/dra8qamlvk037e654884d22e56a5b7/?f_id=18282&ulp=https%3A%2F%2Fsantehmoll.ru%2Fproduct%2Fdushevoy_shlang_200_sm_silvershine_91402%2F%3Futm_source%3Dadmitad%26utm_medium%3Dpartner-network&i=5;Душевой шланг 200 см Ravak SilverShine X07P339;Type Is not found in library
179691;https://ad.admitad.com/g/dra8qamlvk037e654884d22e56a5b7/?f_id=18282&ulp=https%3A%2F%2Fsantehmoll.ru%2Fproduct%2Fx07p176_dushevoy_shlang_150_sm_satinflex_91300%2F%3Futm_source%3Dadmitad%26utm_medium%3Dpartner-network&i=5;Душевой шланг 150 см Ravak SatinFlex X07P176;Type Is not found in library
177331;https://ad.admitad.com/g/dra8qamlvk037e654884d22e56a5b7/?f_id=18282&ulp=https%3A%2F%2Fsantehmoll.ru%2Fproduct%2F31927000_hansgrohe_focus_smesitel_dlya_rakoviny_s_gigienicheskim_dushem%2F%3Futm_source%3Dadmitad%26utm_medium%3Dpartner-network&i=5;Смеситель для раковины с донным клапаном Push-Open Hansgrohe Focus 31927000;Смеситель для раковины
169841;https://ad.admitad.com/g/dra8qamlvk037e654884d22e56a5b7/?f_id=18282&ulp=https%3A%2F%2Fsantehmoll.ru%2Fproduct%2F27352400-hansgrohe-croma-select-e-180-2jet-dushevaya-sistema%2F%3Futm_source%3Dadmitad%26utm_medium%3Dpartner-network&i=5;Душевая система Hansgrohe Croma Select E 180 2jet Showerpipe 27352400;Душевая система
169844;https://ad.admitad.com/g/dra8qamlvk037e654884d22e56a5b7/?f_id=18282&ulp=https%3A%2F%2Fsantehmoll.ru%2Fproduct%2F26590400-hansgrohe-croma-select-e-vario-dushevoi-garnitur-09m-belyixrom%2F%3Futm_source%3Dadmitad%26utm_medium%3Dpartner-network&i=5;Душевой гарнитур 0,9м, белый/хром Hansgrohe Croma Select E 26590400;Душевой гарнитур
169845;https://ad.admitad.com/g/dra8qamlvk037e654884d22e56a5b7/?f_id=18282&ulp=https%3A%2F%2Fsantehmoll.ru%2Fproduct%2F26572400-hansgrohe-croma-select-e-vario-dushevoi-garnitur-065m-belyixrom%2F%3Futm_source%3Dadmitad%26utm_medium%3Dpartner-network&i=5;Душевой гарнитур Hansgrohe Croma Select S 26572400;Душевой гарнитур
169843;https://ad.admitad.com/g/dra8qamlvk037e654884d22e56a5b7/?f_id=18282&ulp=https%3A%2F%2Fsantehmoll.ru%2Fproduct%2F26592400-hansgrohe-croma-select-e-vario-dushevoi-garnitur-09m-belyixrom%2F%3Futm_source%3Dadmitad%26utm_medium%3Dpartner-network&i=5;Душевой гарнитур 0,9м, белый/хром Hansgrohe Croma Select E 26592400;Душевой гарнитур
175439;https://ad.admitad.com/g/dra8qamlvk037e654884d22e56a5b7/?f_id=18282&ulp=https%3A%2F%2Fsantehmoll.ru%2Fproduct%2Feurowa_form_plus_vanna_bez_ruchek_mod_150kh70x39sm%2F%3Futm_source%3Dadmitad%26utm_medium%3Dpartner-network&i=5;Стальная ванна 150x70 см Kaldewei Eurowa 310-1 Standard;Стальная ванна
175418;https://ad.admitad.com/g/dra8qamlvk037e654884d22e56a5b7/?f_id=18282&ulp=https%3A%2F%2Fsantehmoll.ru%2Fproduct%2Fcayono_mod_748_160kh70kh41%2F%3Futm_source%3Dadmitad%26utm_medium%3Dpartner-network&i=5;Стальная ванна 160х70 см Kaldewei Cayono 748 Standard;Стальная ванна
175401;https://ad.admitad.com/g/dra8qamlvk037e654884d22e56a5b7/?f_id=18282&ulp=https%3A%2F%2Fsantehmoll.ru%2Fproduct%2Fsaniform_plus_b_r_mod363_1_170kh70x41sm_3_5mm%2F%3Futm_source%3Dadmitad%26utm_medium%3Dpartner-network&i=5;Стальная ванна 170х70 см Kaldewei Saniform Plus 363-1 Standard;Стальная ванна
175419;https://ad.admitad.com/g/dra8qamlvk037e654884d22e56a5b7/?f_id=18282&ulp=https%3A%2F%2Fsantehmoll.ru%2Fproduct%2Fcayono_b_r_mod747_150kh70sm_3_5mm%2F%3Futm_source%3Dadmitad%26utm_medium%3Dpartner-network&i=5;Стальная ванна 150х70 см Kaldewei Cayono 747 Standard;Стальная ванна
175404;https://ad.admitad.com/g/dra8qamlvk037e654884d22e56a5b7/?f_id=18282&ulp=https%3A%2F%2Fsantehmoll.ru%2Fproduct%2Fsaniform_plus_b_r_mod363_1_170kh70x41sm_3_5mm_p_s_v_o%2F%3Futm_source%3Dadmitad%26utm_medium%3Dpartner-network&i=5;Стальная ванна 170х70 см Kaldewei Saniform Plus 363-1 с покрытием Anti-Slip и Easy-Clean;Стальная ванна
175434;https://ad.admitad.com/g/dra8qamlvk037e654884d22e56a5b7/?f_id=18282&ulp=https%3A%2F%2Fsantehmoll.ru%2Fproduct%2Fcayono_b_r_mod751_180kh80sm_v_o_p_s%2F%3Futm_source%3Dadmitad%26utm_medium%3Dpartner-network&i=5;Стальная ванна 180х80 см Kaldewei Cayono 751 с покрытием Anti-Slip и Easy-Clean;Стальная ванна
175405;https://ad.admitad.com/g/dra8qamlvk037e654884d22e56a5b7/?f_id=18282&ulp=https%3A%2F%2Fsantehmoll.ru%2Fproduct%2Fsaniform_plus_b_r_mod371_1_170kh73x41sm_3_5mm%2F%3Futm_source%3Dadmitad%26utm_medium%3Dpartner-network&i=5;Стальная ванна 170х73 см Kaldewei Saniform Plus 371-1 Standard;Стальная ванна
175429;https://ad.admitad.com/g/dra8qamlvk037e654884d22e56a5b7/?f_id=18282&ulp=https%3A%2F%2Fsantehmoll.ru%2Fproduct%2Fcayono_b_r_mod_750_170kh75_3_5_mm_v_o%2F%3Futm_source%3Dadmitad%26utm_medium%3Dpartner-network&i=5;Стальная ванна 170х75 см Kaldewei Cayono 750 с покрытием Easy-Clean;Стальная ванна
175433;https://ad.admitad.com/g/dra8qamlvk037e654884d22e56a5b7/?f_id=18282&ulp=https%3A%2F%2Fsantehmoll.ru%2Fproduct%2Fcayono_b_r_mod751_180kh80sm_v_o%2F%3Futm_source%3Dadmitad%26utm_medium%3Dpartner-network&i=5;Стальная ванна 180х80 см Kaldewei Cayono 751 с покрытием Easy-Clean;Стальная ванна
175364;https://ad.admitad.com/g/dra8qamlvk037e654884d22e56a5b7/?f_id=18282&ulp=https%3A%2F%2Fsantehmoll.ru%2Fproduct%2Fsaniform_plus_b_r_mod373_1_170kh75x41sm_3_5mm%2F%3Futm_source%3Dadmitad%26utm_medium%3Dpartner-network&i=5;Стальная ванна 170х75 см Kaldewei Saniform Plus 373-1 Standard;Стальная ванна
175425;https://ad.admitad.com/g/dra8qamlvk037e654884d22e56a5b7/?f_id=18282&ulp=https%3A%2F%2Fsantehmoll.ru%2Fproduct%2Fcayono_b_r_mod749_170kh70sm_3_5mm_v_o%2F%3Futm_source%3Dadmitad%26utm_medium%3Dpartner-network&i=5;Стальная ванна 170х70 см Kaldewei Cayono 749 с покрытием Easy-Clean;Стальная ванна
175385;https://ad.admitad.com/g/dra8qamlvk037e654884d22e56a5b7/?f_id=18282&ulp=https%3A%2F%2Fsantehmoll.ru%2Fproduct%2Fsaniform_plus_star_s_r_mod336_170kh75x41sm_3_5mm%2F%3Futm_source%3Dadmitad%26utm_medium%3Dpartner-network&i=5;Стальная ванна 170х75 см Kaldewei Saniform Plus Star 336 Standard;Стальная ванна
175423;https://ad.admitad.com/g/dra8qamlvk037e654884d22e56a5b7/?f_id=18282&ulp=https%3A%2F%2Fsantehmoll.ru%2Fproduct%2Fcayono_b_r_mod749_170kh70sm_3_5mm%2F%3Futm_source%3Dadmitad%26utm_medium%3Dpartner-network&i=5;Стальная ванна 170х70 см Kaldewei Cayono 749 Standard;Стальная ванна
175441;https://ad.admitad.com/g/dra8qamlvk037e654884d22e56a5b7/?f_id=18282&ulp=https%3A%2F%2Fsantehmoll.ru%2Fproduct%2F581370050000_nozhki_dlya_vann_5039_eurowa%2F%3Futm_source%3Dadmitad%26utm_medium%3Dpartner-network&i=5;Ножки для ванн Kaldewei Eurowa 5039;Type Is not found in library
175387;https://ad.admitad.com/g/dra8qamlvk037e654884d22e56a5b7/?f_id=18282&ulp=https%3A%2F%2Fsantehmoll.ru%2Fproduct%2Fsaniform_plus_star_s_r_mod336_170kh75x41sm_3_5mm_v_o%2F%3Futm_source%3Dadmitad%26utm_medium%3Dpartner-network&i=5;Стальная ванна 170х75 см Kaldewei Saniform Plus Star 336 с покрытием Easy-Clean;Стальная ванна
175359;https://ad.admitad.com/g/dra8qamlvk037e654884d22e56a5b7/?f_id=18282&ulp=https%3A%2F%2Fsantehmoll.ru%2Fproduct%2Fsaniform_plus_b_r_mod371_1_170kh73x41sm_3_5mm_v_o%2F%3Futm_source%3Dadmitad%26utm_medium%3Dpartner-network&i=5;Стальная ванна 170х73 см Kaldewei Saniform Plus 371-1 с покрытием Easy-Clean;Стальная ванна
175440;https://ad.admitad.com/g/dra8qamlvk037e654884d22e56a5b7/?f_id=18282&ulp=https%3A%2F%2Fsantehmoll.ru%2Fproduct%2Feurowa_form_plus_vanna_bez_ruchek_mod_140kh70x39sm%2F%3Futm_source%3Dadmitad%26utm_medium%3Dpartner-network&i=5;Стальная ванна 140x70 см Kaldewei Eurowa 309-1 Standard;Стальная ванна
175367;https://ad.admitad.com/g/dra8qamlvk037e654884d22e56a5b7/?f_id=18282&ulp=https%3A%2F%2Fsantehmoll.ru%2Fproduct%2Fsaniform_plus_b_r_mod373_1_170kh75x41sm_3_5mm_p_s_v_o%2F%3Futm_source%3Dadmitad%26utm_medium%3Dpartner-network&i=5;Стальная ванна 170х75 см Kaldewei Saniform Plus 373-1 с покрытием Anti-Slip и Easy-Clean;Стальная ванна
175388;https://ad.admitad.com/g/dra8qamlvk037e654884d22e56a5b7/?f_id=18282&ulp=https%3A%2F%2Fsantehmoll.ru%2Fproduct%2Fsaniform_plus_star_s_r_mod336_170kh75x41sm_3_5mm_p_s_v_o%2F%3Futm_source%3Dadmitad%26utm_medium%3Dpartner-network&i=5;Стальная ванна 170х75 см Kaldewei Saniform Plus Star 336 с покрытием Anti-Slip и Easy-Clean;Стальная ванна
175358;https://ad.admitad.com/g/dra8qamlvk037e654884d22e56a5b7/?f_id=18282&ulp=https%3A%2F%2Fsantehmoll.ru%2Fproduct%2Fsaniform_plus_b_r_mod_363_1_170kh70_sm_v_o%2F%3Futm_source%3Dadmitad%26utm_medium%3Dpartner-network&i=5;Стальная ванна 170х70 см Kaldewei Saniform Plus 363-1 с покрытием Easy-Clean;Стальная ванна
175383;https://ad.admitad.com/g/dra8qamlvk037e654884d22e56a5b7/?f_id=18282&ulp=https%3A%2F%2Fsantehmoll.ru%2Fproduct%2Fsaniform_plus_star_mod334_170_73sm_belyy_otvpod_ruchki%2F%3Futm_source%3Dadmitad%26utm_medium%3Dpartner-network&i=5;Стальная ванна 170х73 см Kaldewei Saniform Plus Star 334 Standard;Стальная ванна
175431;https://ad.admitad.com/g/dra8qamlvk037e654884d22e56a5b7/?f_id=18282&ulp=https%3A%2F%2Fsantehmoll.ru%2Fproduct%2Fcayono_b_r_mod751_180kh80sm%2F%3Futm_source%3Dadmitad%26utm_medium%3Dpartner-network&i=5;Стальная ванна 180х80 см Kaldewei Cayono 751 Standard;Стальная ванна
175430;https://ad.admitad.com/g/dra8qamlvk037e654884d22e56a5b7/?f_id=18282&ulp=https%3A%2F%2Fsantehmoll.ru%2Fproduct%2Fcayono_b_r_mod750_170kh75sm_3_5mm_v_o_p_s%2F%3Futm_source%3Dadmitad%26utm_medium%3Dpartner-network&i=5;Стальная ванна 170х75 см Kaldewei Cayono 750 с покрытием Anti-Slip и Easy-Clean;Стальная ванна
175427;https://ad.admitad.com/g/dra8qamlvk037e654884d22e56a5b7/?f_id=18282&ulp=https%3A%2F%2Fsantehmoll.ru%2Fproduct%2Fcayono_b_r_mod750_170kh75sm_3_5mm%2F%3Futm_source%3Dadmitad%26utm_medium%3Dpartner-network&i=5;Стальная ванна 170х75 см Kaldewei Cayono 750 Standard;Стальная ванна
169834;https://ad.admitad.com/g/dra8qamlvk037e654884d22e56a5b7/?f_id=18282&ulp=https%3A%2F%2Fsantehmoll.ru%2Fproduct%2F71835000-hg-logis-smesitel-dlya-kuxni%2F%3Futm_source%3Dadmitad%26utm_medium%3Dpartner-network&i=5;Смеситель для кухни Hansgrohe Logis M31 71835000;Смеситель для кухни
175421;https://ad.admitad.com/g/dra8qamlvk037e654884d22e56a5b7/?f_id=18282&ulp=https%3A%2F%2Fsantehmoll.ru%2Fproduct%2Fcayono_b_r_mod747_150kh70sm_3_5mm_v_o%2F%3Futm_source%3Dadmitad%26utm_medium%3Dpartner-network&i=5;Стальная ванна 150х70 см Kaldewei Cayono 747 с покрытием Easy-Clean;Стальная ванна
175373;https://ad.admitad.com/g/dra8qamlvk037e654884d22e56a5b7/?f_id=18282&ulp=https%3A%2F%2Fsantehmoll.ru%2Fproduct%2Fkaldewei_komplekt_universalnykh_ruchek_dlya_stalnykh_vann_tip_a_khrom%2F%3Futm_source%3Dadmitad%26utm_medium%3Dpartner-network&i=5;Ручки для ванны универсальные Kaldewei Тип А;Type Is not found in library
175379;https://ad.admitad.com/g/dra8qamlvk037e654884d22e56a5b7/?f_id=18282&ulp=https%3A%2F%2Fsantehmoll.ru%2Fproduct%2Fsaniform_plus_star_s_r_mod335_170kh70x41sm_3_5mm%2F%3Futm_source%3Dadmitad%26utm_medium%3Dpartner-network&i=5;Стальная ванна 170х70 см Kaldewei Saniform Plus Star 335 Standard;Стальная ванна
175395;https://ad.admitad.com/g/dra8qamlvk037e654884d22e56a5b7/?f_id=18282&ulp=https%3A%2F%2Fsantehmoll.ru%2Fproduct%2Fsaniform_plus_b_r_mod361_1_150kh70x41sm_3_5mm_v_o%2F%3Futm_source%3Dadmitad%26utm_medium%3Dpartner-network&i=5;Стальная ванна 150х70 см Kaldewei Saniform Plus 361-1 с покрытием Easy-Clean;Стальная ванна
175393;https://ad.admitad.com/g/dra8qamlvk037e654884d22e56a5b7/?f_id=18282&ulp=https%3A%2F%2Fsantehmoll.ru%2Fproduct%2Fsaniform_plus_b_r_mod361_1_150kh70x41sm_3_5mm%2F%3Futm_source%3Dadmitad%26utm_medium%3Dpartner-network&i=5;Стальная ванна 150х70 см Kaldewei Saniform Plus 361-1 Standard;Стальная ванна
175399;https://ad.admitad.com/g/dra8qamlvk037e654884d22e56a5b7/?f_id=18282&ulp=https%3A%2F%2Fsantehmoll.ru%2Fproduct%2Fsaniform_plus_b_r_mod362_1_160kh70x41sm_3_5mm_v_o%2F%3Futm_source%3Dadmitad%26utm_medium%3Dpartner-network&i=5;Стальная ванна 160х70 см Kaldewei Saniform Plus 362-1 с покрытием Easy-Clean;Стальная ванна
175372;https://ad.admitad.com/g/dra8qamlvk037e654884d22e56a5b7/?f_id=18282&ulp=https%3A%2F%2Fsantehmoll.ru%2Fproduct%2Fkaldewei_komplekt_universalnykh_nozhek_dlya_stalnykh_vann_5030_originalnye_saniform_coyno_150kh70_170%2F%3Futm_source%3Dadmitad%26utm_medium%3Dpartner-network&i=5;Ножки Kaldewei 5030 универсальные 581470000000;Type Is not found in library
172442;https://ad.admitad.com/g/dra8qamlvk037e654884d22e56a5b7/?f_id=18282&ulp=https%3A%2F%2Fsantehmoll.ru%2Fproduct%2Fhansgrohe-croma-select-e-26524400%2F%3Futm_source%3Dadmitad%26utm_medium%3Dpartner-network&i=5;Верхний душ Hansgrohe Croma Select E 180 2jet 26524400;Верхний душ
172443;https://ad.admitad.com/g/dra8qamlvk037e654884d22e56a5b7/?f_id=18282&ulp=https%3A%2F%2Fsantehmoll.ru%2Fproduct%2Fhansgrohe-croma-select-s-26522400-verkhniy-dush%2F%3Futm_source%3Dadmitad%26utm_medium%3Dpartner-network&i=5;Верхний душ Hansgrohe Croma Select S 180 2jet 26522400;Верхний душ
169854;https://ad.admitad.com/g/dra8qamlvk037e654884d22e56a5b7/?f_id=18282&ulp=https%3A%2F%2Fsantehmoll.ru%2Fproduct%2F26825400-hansgrohe-crometta-100-1-jet-ruchnoi-dush-belyixrom%2F%3Futm_source%3Dadmitad%26utm_medium%3Dpartner-network&i=5;Ручной душ Hansgrohe Crometta 100 1jet 26825400;Type Is not found in library
134896;https://ad.admitad.com/g/dra8qamlvk037e654884d22e56a5b7/?f_id=18282&ulp=https%3A%2F%2Fsantehmoll.ru%2Fproduct%2F26560400-hansgrohe-croma-select-s-multi-dushevoi-garnitur-065m-belyixrom%2F%3Futm_source%3Dadmitad%26utm_medium%3Dpartner-network&i=5;Душевой набор Hansgrohe Croma Select S 26560400;Душевой набор
134895;https://ad.admitad.com/g/dra8qamlvk037e654884d22e56a5b7/?f_id=18282&ulp=https%3A%2F%2Fsantehmoll.ru%2Fproduct%2F26562400-hansgrohe-croma-select-s-vario-dushevoi-garnitur-065m-belyixrom%2F%3Futm_source%3Dadmitad%26utm_medium%3Dpartner-network&i=5;Душевой набор Hansgrohe Croma Select S 26562400;Душевой набор
134883;https://ad.admitad.com/g/dra8qamlvk037e654884d22e56a5b7/?f_id=18282&ulp=https%3A%2F%2Fsantehmoll.ru%2Fproduct%2F71243000-hansgrohelogis-smesitel-dlya-vanny-s-dvumya-rukoyatkami-xrom%2F%3Futm_source%3Dadmitad%26utm_medium%3Dpartner-network&i=5;Смеситель для ванны Hansgrohe Logis 71243000;Смеситель для ванны
134888;https://ad.admitad.com/g/dra8qamlvk037e654884d22e56a5b7/?f_id=18282&ulp=https%3A%2F%2Fsantehmoll.ru%2Fproduct%2F27255400-hansgrohe-croma-select-s-dushevoi-komplekt-croma-select-s-180-2jet-showerpipe%2F%3Futm_source%3Dadmitad%26utm_medium%3Dpartner-network&i=5;Душевая система с однорычажным смесителем Hansgrohe Croma Select S 180 2jet Showerpipe, 27255400;Душевая система
134880;https://ad.admitad.com/g/dra8qamlvk037e654884d22e56a5b7/?f_id=18282&ulp=https%3A%2F%2Fsantehmoll.ru%2Fproduct%2F71836000-hansgrohelogis-smesitel-dlya-kuxni-xrom%2F%3Futm_source%3Dadmitad%26utm_medium%3Dpartner-network&i=5;Смеситель для кухни  Hansgrohe Logis M31 71836000;Смеситель для кухни
134887;https://ad.admitad.com/g/dra8qamlvk037e654884d22e56a5b7/?f_id=18282&ulp=https%3A%2F%2Fsantehmoll.ru%2Fproduct%2F27256400-hansgrohe-croma-180-dushevoi-komplekt-croma-select-e-180-2jet-showerpipe%2F%3Futm_source%3Dadmitad%26utm_medium%3Dpartner-network&i=5;Душевая система поворотная с термостатом Hansgrohe Croma Select E 180 2jet Showerpipe 27256400;Душевая система
134881;https://ad.admitad.com/g/dra8qamlvk037e654884d22e56a5b7/?f_id=18282&ulp=https%3A%2F%2Fsantehmoll.ru%2Fproduct%2F71263000-hansgrohelogis-smesitel-dlya-dusha-s-dvumya-rukoyatkami-xrom%2F%3Futm_source%3Dadmitad%26utm_medium%3Dpartner-network&i=5;Смеситель для душа Hansgrohe Logis 71263000;Смеситель для душа
134890;https://ad.admitad.com/g/dra8qamlvk037e654884d22e56a5b7/?f_id=18282&ulp=https%3A%2F%2Fsantehmoll.ru%2Fproduct%2F26802400-hansgrohecroma-110-select-s-vario-hs-ruchnoi-dush-belyixrom%2F%3Futm_source%3Dadmitad%26utm_medium%3Dpartner-network&i=5;Ручной душ Hansgrohe Croma Select S Vario26802400;Type Is not found in library
134892;https://ad.admitad.com/g/dra8qamlvk037e654884d22e56a5b7/?f_id=18282&ulp=https%3A%2F%2Fsantehmoll.ru%2Fproduct%2F26657400-hansgrohe-crometta-100-vario-dushevoi-garnitur-09m-belyixrom%2F%3Futm_source%3Dadmitad%26utm_medium%3Dpartner-network&i=5;Hansgrohe Crometta 100 26657400 Душевой набор;Душевой набор
134893;https://ad.admitad.com/g/dra8qamlvk037e654884d22e56a5b7/?f_id=18282&ulp=https%3A%2F%2Fsantehmoll.ru%2Fproduct%2F26656400-hansgrohe-crometta-100-vario-dushevoi-garnitur-09m-belyixrom%2F%3Futm_source%3Dadmitad%26utm_medium%3Dpartner-network&i=5;Hansgrohe Crometta 100 26656400 Душевой набор;Душевой набор
161554;https://ad.admitad.com/g/dra8qamlvk037e654884d22e56a5b7/?f_id=18282&ulp=https%3A%2F%2Fsantehmoll.ru%2Fproduct%2F11650-019001-keuco-elegance-new-stakan-nastolnyi%2F%3Futm_source%3Dadmitad%26utm_medium%3Dpartner-network&i=5;Стакан KEUCO Elegance New 11650019001;Type Is not found in library
131187;https://ad.admitad.com/g/dra8qamlvk037e654884d22e56a5b7/?f_id=18282&ulp=https%3A%2F%2Fsantehmoll.ru%2Fproduct%2F71832000-hg-logis-smesitel-dlya-kuxni%2F%3Futm_source%3Dadmitad%26utm_medium%3Dpartner-network&i=5;Смеситель для кухни Hansgrohe Logis M31 71832000;Смеситель для кухни
131338;https://ad.admitad.com/g/dra8qamlvk037e654884d22e56a5b7/?f_id=18282&ulp=https%3A%2F%2Fsantehmoll.ru%2Fproduct%2F26812400-hansgrohecroma-110-select-e-vario-hs-ruchnoi-dush-belyixrom%2F%3Futm_source%3Dadmitad%26utm_medium%3Dpartner-network&i=5;Ручной душ Hansgrohe Croma Select E Vario 26812400;Type Is not found in library
131322;https://ad.admitad.com/g/dra8qamlvk037e654884d22e56a5b7/?f_id=18282&ulp=https%3A%2F%2Fsantehmoll.ru%2Fproduct%2F27264400-hansgrohe-crometta-160-dushevoi-komplekt-crometta-160-belyixrom%2F%3Futm_source%3Dadmitad%26utm_medium%3Dpartner-network&i=5;Душевая система Hansgrohe Crometta 160 1jet Showerpipe 27264400;Душевая система
161546;https://ad.admitad.com/g/dra8qamlvk037e654884d22e56a5b7/?f_id=18282&ulp=https%3A%2F%2Fsantehmoll.ru%2Fproduct%2F11657-010001-keuco-elegance-new-uglovaya-korzinka-dlya-gubki-xrom%2F%3Futm_source%3Dadmitad%26utm_medium%3Dpartner-network&i=5;Полка угловая 18х18 см KEUCO Elegance New 11657010001;Type Is not found in library
161547;https://ad.admitad.com/g/dra8qamlvk037e654884d22e56a5b7/?f_id=18282&ulp=https%3A%2F%2Fsantehmoll.ru%2Fproduct%2F11657-010000-keuco-elegance-new-uglovaya-korzinka-dlya-gubki-xrom%2F%3Futm_source%3Dadmitad%26utm_medium%3Dpartner-network&i=5;Полка угловая 18х18 см KEUCO Elegance New 11657010000;Type Is not found in library
131337;https://ad.admitad.com/g/dra8qamlvk037e654884d22e56a5b7/?f_id=18282&ulp=https%3A%2F%2Fsantehmoll.ru%2Fproduct%2F26823400-hansgrohe-crometta-100-multi-3jet-ruchnoi-dush-belyixrom%2F%3Futm_source%3Dadmitad%26utm_medium%3Dpartner-network&i=5;Ручной душ Hansgrohe Crometta 100 Multi 3jet 26823400;Type Is not found in library
131343;https://ad.admitad.com/g/dra8qamlvk037e654884d22e56a5b7/?f_id=18282&ulp=https%3A%2F%2Fsantehmoll.ru%2Fproduct%2F26580400-hansgrohe-croma-select-e-multi-dushevoi-garnitur-065m-belyixrom%2F%3Futm_source%3Dadmitad%26utm_medium%3Dpartner-network&i=5;Душевой гарнитур Hansgrohe Croma Select 26580400;Душевой гарнитур
116009;https://ad.admitad.com/g/dra8qamlvk037e654884d22e56a5b7/?f_id=18282&ulp=https%3A%2F%2Fsantehmoll.ru%2Fproduct%2Fe3877-cp-leika-eo-dush-bolshaya-77-forsunok-xrom%2F%3Futm_source%3Dadmitad%26utm_medium%3Dpartner-network&i=5;Душевая лейка Jacob Delafon Eo E3877-CP;Type Is not found in library
161545;https://ad.admitad.com/g/dra8qamlvk037e654884d22e56a5b7/?f_id=18282&ulp=https%3A%2F%2Fsantehmoll.ru%2Fproduct%2F11658-010000-keuco-elegance-korzinka-dlya-gubki%2F%3Futm_source%3Dadmitad%26utm_medium%3Dpartner-network&i=5;Полка 23,9 см KEUCO Elegance New 11658010000;Type Is not found in library
161543;https://ad.admitad.com/g/dra8qamlvk037e654884d22e56a5b7/?f_id=18282&ulp=https%3A%2F%2Fsantehmoll.ru%2Fproduct%2F11662-010000-keuco-elegance-new-derjatel-dlya-tualetnoi-bumagi%2F%3Futm_source%3Dadmitad%26utm_medium%3Dpartner-network&i=5;Держатель туалетной бумаги KEUCO Elegance New 11662010000;Держатель
131186;https://ad.admitad.com/g/dra8qamlvk037e654884d22e56a5b7/?f_id=18282&ulp=https%3A%2F%2Fsantehmoll.ru%2Fproduct%2F71834000-hg-logis-smesitel-dlya-kuxni%2F%3Futm_source%3Dadmitad%26utm_medium%3Dpartner-network&i=5;Смеситель для кухни с запорным вентилем для посудомоечной машины Hansgrohe Logis M31 71834000;Смеситель для кухни
131188;https://ad.admitad.com/g/dra8qamlvk037e654884d22e56a5b7/?f_id=18282&ulp=https%3A%2F%2Fsantehmoll.ru%2Fproduct%2F71830000-hg-logis-dlya-kuxni%2F%3Futm_source%3Dadmitad%26utm_medium%3Dpartner-network&i=5;Смеситель для кухни Hansgrohe Logis M31 71830000;Смеситель для кухни
161572;https://ad.admitad.com/g/dra8qamlvk037e654884d22e56a5b7/?f_id=18282&ulp=https%3A%2F%2Fsantehmoll.ru%2Fproduct%2F11115-010000-keuco-edition-11-dvoinoi-kryuchok-dlya-polotenca-xrom%2F%3Futm_source%3Dadmitad%26utm_medium%3Dpartner-network&i=5;Крючок двойной KEUCO Edition 11 11115010000;Type Is not found in library
134910;https://ad.admitad.com/g/dra8qamlvk037e654884d22e56a5b7/?f_id=18282&ulp=https%3A%2F%2Fsantehmoll.ru%2Fproduct%2Fhansgrohe-croma-select-e-26524400-verkhniy-dush%2F%3Futm_source%3Dadmitad%26utm_medium%3Dpartner-network&i=5;Верхний душ Hansgrohe Croma Select E 2jet 26524000;Верхний душ
134911;https://ad.admitad.com/g/dra8qamlvk037e654884d22e56a5b7/?f_id=18282&ulp=https%3A%2F%2Fsantehmoll.ru%2Fproduct%2Fhansgrohe-croma-select-s-26522000-verkhniy-dush%2F%3Futm_source%3Dadmitad%26utm_medium%3Dpartner-network&i=5;Верхний душ Hansgrohe Croma Select S 180 2jet 26522000;Верхний душ
153667;https://ad.admitad.com/g/dra8qamlvk037e654884d22e56a5b7/?f_id=18282&ulp=https%3A%2F%2Fsantehmoll.ru%2Fproduct%2F111300005-element-montajn-duofix-up320-dunit%2F%3Futm_source%3Dadmitad%26utm_medium%3Dpartner-network&i=5;Монтажный элемент для подвесного унитаза, H112, Sigma 12 см (UP320) Geberit Duofix 111.300.00.5;Type Is not found in library
161569;https://ad.admitad.com/g/dra8qamlvk037e654884d22e56a5b7/?f_id=18282&ulp=https%3A%2F%2Fsantehmoll.ru%2Fproduct%2F11150-019000-keuco-edition-11-derjatel-stakana-xrom%2F%3Futm_source%3Dadmitad%26utm_medium%3Dpartner-network&i=5;Стакан KEUCO Edition 11 11150019000;Type Is not found in library
161567;https://ad.admitad.com/g/dra8qamlvk037e654884d22e56a5b7/?f_id=18282&ulp=https%3A%2F%2Fsantehmoll.ru%2Fproduct%2F11162-010000-keuco-edition-11-derjatel-tualetnoi-bumagi-xrom%2F%3Futm_source%3Dadmitad%26utm_medium%3Dpartner-network&i=5;Держатель туалетной бумаги KEUCO Edition 11 11162010000;Держатель
161530;https://ad.admitad.com/g/dra8qamlvk037e654884d22e56a5b7/?f_id=18282&ulp=https%3A%2F%2Fsantehmoll.ru%2Fproduct%2F12758-010000-korzinka-dlya-dusha-keuco-collection-moll%2F%3Futm_source%3Dadmitad%26utm_medium%3Dpartner-network&i=5;Полка 24 см KEUCO Collection Moll 12758010000;Type Is not found in library
161531;https://ad.admitad.com/g/dra8qamlvk037e654884d22e56a5b7/?f_id=18282&ulp=https%3A%2F%2Fsantehmoll.ru%2Fproduct%2F12757-010000-uglovaya-korzinka-dlya-dusha-belaya-keuco-collection-moll%2F%3Futm_source%3Dadmitad%26utm_medium%3Dpartner-network&i=5;Полка угловая  17,9х17,9 см KEUCO Collection Moll 12757010000;Type Is not found in library
161520;https://ad.admitad.com/g/dra8qamlvk037e654884d22e56a5b7/?f_id=18282&ulp=https%3A%2F%2Fsantehmoll.ru%2Fproduct%2F30015-010000-keuco-edition-300-dvoinoi-kryuchok%2F%3Futm_source%3Dadmitad%26utm_medium%3Dpartner-network&i=5;Крючок двойной KEUCO Edition 300 30015010000;Type Is not found in library
131336;https://ad.admitad.com/g/dra8qamlvk037e654884d22e56a5b7/?f_id=18282&ulp=https%3A%2F%2Fsantehmoll.ru%2Fproduct%2F26824400-hansgrohe-crometta-100-vario-ruchnoi-dush-belyixrom%2F%3Futm_source%3Dadmitad%26utm_medium%3Dpartner-network&i=5;Ручной душ Hansgrohe Crometta 100 Vario 4jet 26824400;Type Is not found in library
161533;https://ad.admitad.com/g/dra8qamlvk037e654884d22e56a5b7/?f_id=18282&ulp=https%3A%2F%2Fsantehmoll.ru%2Fproduct%2F12752-010100-dozator-keuco-collection-moll%2F%3Futm_source%3Dadmitad%26utm_medium%3Dpartner-network&i=5;Дозатор 180 мл KEUCO Collection Moll 12752010100;Type Is not found in library
61198;https://ad.admitad.com/g/dra8qamlvk037e654884d22e56a5b7/?f_id=18282&ulp=https%3A%2F%2Fsantehmoll.ru%2Fproduct%2Fhg-31-082-000-metris-260-dlya-rakoviny-donkl%2F%3Futm_source%3Dadmitad%26utm_medium%3Dpartner-network&i=5;Смеситель для раковины 260 с донным клапаном Hansgrohe Metris 31082000;Смеситель для раковины
161519;https://ad.admitad.com/g/dra8qamlvk037e654884d22e56a5b7/?f_id=18282&ulp=https%3A%2F%2Fsantehmoll.ru%2Fproduct%2F30064-019000-keuco-edition-300-ershik%2F%3Futm_source%3Dadmitad%26utm_medium%3Dpartner-network&i=5;Ёршик KEUCO Edition 300 30064019000;Ёршик
161528;https://ad.admitad.com/g/dra8qamlvk037e654884d22e56a5b7/?f_id=18282&ulp=https%3A%2F%2Fsantehmoll.ru%2Fproduct%2F12762-010000-derjatel-tualetnoi-bumagi-keuco-collection-moll%2F%3Futm_source%3Dadmitad%26utm_medium%3Dpartner-network&i=5;Держатель туалетной бумаги KEUCO Collection Moll 12762010000;Держатель
161538;https://ad.admitad.com/g/dra8qamlvk037e654884d22e56a5b7/?f_id=18282&ulp=https%3A%2F%2Fsantehmoll.ru%2Fproduct%2F12715-010000-kryuchok-keuco-collection-moll%2F%3Futm_source%3Dadmitad%26utm_medium%3Dpartner-network&i=5;Крючок KEUCO Collection Moll 12715010000;Type Is not found in library
6345;https://ad.admitad.com/g/dra8qamlvk037e654884d22e56a5b7/?f_id=18282&ulp=https%3A%2F%2Fsantehmoll.ru%2Fproduct%2Fhansgrohe-puravida-15070400-smesitel-dlya-rakovini%2F%3Futm_source%3Dadmitad%26utm_medium%3Dpartner-network&i=5;Hansgrohe PuraVida 15070400 Смеситель для раковины;Смеситель для раковины
61150;https://ad.admitad.com/g/dra8qamlvk037e654884d22e56a5b7/?f_id=18282&ulp=https%3A%2F%2Fsantehmoll.ru%2Fproduct%2Fhg-31-680-000-metris-dlya-dusha%2F%3Futm_source%3Dadmitad%26utm_medium%3Dpartner-network&i=5;Смеситель для душа Hansgrohe Metris 31680000;Смеситель для душа
690;https://ad.admitad.com/g/dra8qamlvk037e654884d22e56a5b7/?f_id=18282&ulp=https%3A%2F%2Fsantehmoll.ru%2Fproduct%2Fgrohe-silverflex-28364000-dushevoi-shlang-1500-mm%2F%3Futm_source%3Dadmitad%26utm_medium%3Dpartner-network&i=5;Душевой шланг 150 см Grohe 28364000;Type Is not found in library
22398;https://ad.admitad.com/g/dra8qamlvk037e654884d22e56a5b7/?f_id=18282&ulp=https%3A%2F%2Fsantehmoll.ru%2Fproduct%2Fhg---28-331-000--derj-dusha-dlya-shlangov-s-konicheskoi-gaikoi%2F%3Futm_source%3Dadmitad%26utm_medium%3Dpartner-network&i=5;Держатель душа Hansgrohe Porter S 28331000;Держатель
65813;https://ad.admitad.com/g/dra8qamlvk037e654884d22e56a5b7/?f_id=18282&ulp=https%3A%2F%2Fsantehmoll.ru%2Fproduct%2Fhg-40-515-000k-es-mylnica-iz-stekla%2F%3Futm_source%3Dadmitad%26utm_medium%3Dpartner-network&i=5;Мыльница Hansgrohe Logis 40515000;Type Is not found in library
5886;https://ad.admitad.com/g/dra8qamlvk037e654884d22e56a5b7/?f_id=18282&ulp=https%3A%2F%2Fsantehmoll.ru%2Fproduct%2Fhansgrohe-metris-s-31660000-smesitel-dlya-dusha%2F%3Futm_source%3Dadmitad%26utm_medium%3Dpartner-network&i=5;Смеситель для душа Hansgrohe Metris S 31660000;Смеситель для душа
22446;https://ad.admitad.com/g/dra8qamlvk037e654884d22e56a5b7/?f_id=18282&ulp=https%3A%2F%2Fsantehmoll.ru%2Fproduct%2F209650000001-laufen-pro-rimless-podvesnoi-unitaz-so-skrytym-obodkom-490360-mm--x-xxx%2F%3Futm_source%3Dadmitad%26utm_medium%3Dpartner-network&i=5;Подвесной унитаз со скрытым ободком Laufen Pro 8.2096.5.000.000.1;Подвесной унитаз
6335;https://ad.admitad.com/g/dra8qamlvk037e654884d22e56a5b7/?f_id=18282&ulp=https%3A%2F%2Fsantehmoll.ru%2Fproduct%2Fhansgrohe-metris-classic-31672000-smesitel-dlya-dusha%2F%3Futm_source%3Dadmitad%26utm_medium%3Dpartner-network&i=5;Смеситель для душа Hansgrohe Metris Classic 31672000;Смеситель для душа
79460;https://ad.admitad.com/g/dra8qamlvk037e654884d22e56a5b7/?f_id=18282&ulp=https%3A%2F%2Fsantehmoll.ru%2Fproduct%2Fhansgrohe-puravida-15672400-smesitel-dlya-dusha%2F%3Futm_source%3Dadmitad%26utm_medium%3Dpartner-network&i=5;Hansgrohe PuraVida 15672400 Смеситель для душа;Смеситель для душа
11881;https://ad.admitad.com/g/dra8qamlvk037e654884d22e56a5b7/?f_id=18282&ulp=https%3A%2F%2Fsantehmoll.ru%2Fproduct%2F38505000-grohe-skate-air-nakladnaya-panel%2F%3Futm_source%3Dadmitad%26utm_medium%3Dpartner-network&i=5;Накладная панель Grohe Skate Air 38505000;Type Is not found in library
22204;https://ad.admitad.com/g/dra8qamlvk037e654884d22e56a5b7/?f_id=18282&ulp=https%3A%2F%2Fsantehmoll.ru%2Fproduct%2Fe70008-00-kryshka-sidene-kandelpanache-mikrbel%2F%3Futm_source%3Dadmitad%26utm_medium%3Dpartner-network&i=5;Крышка-сиденье с микролифтом Jacob Delafon Kandel / Panache E70008-00;Type Is not found in library
41011;https://ad.admitad.com/g/dra8qamlvk037e654884d22e56a5b7/?f_id=18282&ulp=https%3A%2F%2Fsantehmoll.ru%2Fproduct%2Fhg---32-620-000---talis-s---dush%2F%3Futm_source%3Dadmitad%26utm_medium%3Dpartner-network&i=5;Смеситель для душа Hansgrohe Talis S 32620000;Смеситель для душа
6307;https://ad.admitad.com/g/dra8qamlvk037e654884d22e56a5b7/?f_id=18282&ulp=https%3A%2F%2Fsantehmoll.ru%2Fproduct%2Fhansgrohe-puravida-15075000-smesitel-dlya-rakovini%2F%3Futm_source%3Dadmitad%26utm_medium%3Dpartner-network&i=5;Смеситель для  раковины Hansgrohe PuraVida 15075000;Type Is not found in library
182678;https://ad.admitad.com/g/dra8qamlvk037e654884d22e56a5b7/?f_id=18282&ulp=https%3A%2F%2Fsantehmoll.ru%2Fproduct%2Fe4930_ga_ekran_d_vanny_bain_douche_neo_khrom_%2F%3Futm_source%3Dadmitad%26utm_medium%3Dpartner-network&i=5;Шторка для ванны 111.5 см прозрачный Jacob Delafon BAIN-DOUCHE NEO E4930-GA;Type Is not found in library
202111;https://ad.admitad.com/g/dra8qamlvk037e654884d22e56a5b7/?f_id=18282&ulp=https%3A%2F%2Fsantehmoll.ru%2Fproduct%2Fkaldewei_komplekt_universalnykh_nozhek_dlya_stalnykh_vann_5032_originalnye_classic_duo_oval_180x80_19%2F%3Futm_source%3Dadmitad%26utm_medium%3Dpartner-network&i=5;Ножки Kaldewei 5032 универсальные 581670000000;Type Is not found in library
399751;https://ad.admitad.com/g/dra8qamlvk037e654884d22e56a5b7/?f_id=18282&ulp=https%3A%2F%2Fsantehmoll.ru%2Fproduct%2Fconoduo_mod_733_180_80_sm_v_ott%2F%3Futm_source%3Dadmitad%26utm_medium%3Dpartner-network&i=5;Стальная ванна 180х80 см Kaldewei Conoduo 733 с покрытием Easy-Clean;Стальная ванна
384342;https://ad.admitad.com/g/dra8qamlvk037e654884d22e56a5b7/?f_id=18282&ulp=https%3A%2F%2Fsantehmoll.ru%2Fproduct%2Fpuro_mod_653_180kh80_sm%2F%3Futm_source%3Dadmitad%26utm_medium%3Dpartner-network&i=5;Стальная ванна 180х80 см Kaldewei Puro 653 Standard;Стальная ванна
598919;https://ad.admitad.com/g/dra8qamlvk037e654884d22e56a5b7/?f_id=18282&ulp=https%3A%2F%2Fsantehmoll.ru%2Fproduct%2Fpuro_mod652_170_75_sm_v_ott_pokr%2F%3Futm_source%3Dadmitad%26utm_medium%3Dpartner-network&i=5;Стальная ванна 170х75 см Kaldewei Puro 652 с покрытием Easy-Clean;Стальная ванна
387261;https://ad.admitad.com/g/dra8qamlvk037e654884d22e56a5b7/?f_id=18282&ulp=https%3A%2F%2Fsantehmoll.ru%2Fproduct%2Fpuro_mod_653_180kh80_sm_v_o%2F%3Futm_source%3Dadmitad%26utm_medium%3Dpartner-network&i=5;Стальная ванна 180х80 см Kaldewei Puro 653 с покрытием Easy-Clean;Стальная ванна
511876;https://ad.admitad.com/g/dra8qamlvk037e654884d22e56a5b7/?f_id=18282&ulp=https%3A%2F%2Fsantehmoll.ru%2Fproduct%2Fpuro_mod652_170_75_sm%2F%3Futm_source%3Dadmitad%26utm_medium%3Dpartner-network&i=5;Стальная ванна 170х75 см Kaldewei Puro 652 Standard;Стальная ванна
538502;https://ad.admitad.com/g/dra8qamlvk037e654884d22e56a5b7/?f_id=18282&ulp=https%3A%2F%2Fsantehmoll.ru%2Fproduct%2F272500010001%2F%3Futm_source%3Dadmitad%26utm_medium%3Dpartner-network&i=5;Стальная ванна 180х80 см Kaldewei Cayono Duo 725 Standard;Стальная ванна
528823;https://ad.admitad.com/g/dra8qamlvk037e654884d22e56a5b7/?f_id=18282&ulp=https%3A%2F%2Fsantehmoll.ru%2Fproduct%2F272400013001%2F%3Futm_source%3Dadmitad%26utm_medium%3Dpartner-network&i=5;Стальная ванна 170х75 см Kaldewei Cayono Duo 724 с покрытием Easy-Clean;Стальная ванна
380435;https://ad.admitad.com/g/dra8qamlvk037e654884d22e56a5b7/?f_id=18282&ulp=https%3A%2F%2Fsantehmoll.ru%2Fproduct%2F272400010001%2F%3Futm_source%3Dadmitad%26utm_medium%3Dpartner-network&i=5;Стальная ванна 170х75 см Kaldewei Cayono Duo 724 Standard;Стальная ванна
531801;https://ad.admitad.com/g/dra8qamlvk037e654884d22e56a5b7/?f_id=18282&ulp=https%3A%2F%2Fsantehmoll.ru%2Fproduct%2Fsaniform_plus_pustaya_mod360_1_140kh70_belyy%2F%3Futm_source%3Dadmitad%26utm_medium%3Dpartner-network&i=5;Стальная ванна 140х70 см Kaldewei Saniform Plus 360-1 Standard;Стальная ванна
387317;https://ad.admitad.com/g/dra8qamlvk037e654884d22e56a5b7/?f_id=18282&ulp=https%3A%2F%2Fsantehmoll.ru%2Fproduct%2Fopornaya_rama_mod5200_dlya_poddonov_do_90kh90_sm%2F%3Futm_source%3Dadmitad%26utm_medium%3Dpartner-network&i=5;Комплект ножек для поддонов Kaldewei Universal 5200;Type Is not found in library
598918;https://ad.admitad.com/g/dra8qamlvk037e654884d22e56a5b7/?f_id=18282&ulp=https%3A%2F%2Fsantehmoll.ru%2Fproduct%2Fsanidusch_90x90kh14_mod396_belyy%2F%3Futm_source%3Dadmitad%26utm_medium%3Dpartner-network&i=5;Стальной поддон 90х90 см Kaldewei Sanidusch 396 Standard;Type Is not found in library
632030;https://ad.admitad.com/g/dra8qamlvk037e654884d22e56a5b7/?f_id=18282&ulp=https%3A%2F%2Fsantehmoll.ru%2Fproduct%2Fset39328000_4_komplekt_grohe_euro_ceramic_39328000_39330001_111300005%2F%3Futm_source%3Dadmitad%26utm_medium%3Dpartner-network&i=5;Комплект подвесной унитаз Grohe Euro Ceramic 39328000 + 39330001 + система инсталляции Geberit 111.300.00.5;Type Is not found in library
632255;https://ad.admitad.com/g/dra8qamlvk037e654884d22e56a5b7/?f_id=18282&ulp=https%3A%2F%2Fsantehmoll.ru%2Fproduct%2Fsete804601_e772401_7_komplekt_ideal_standard_connect_space_e804601_e772401_458125111%2F%3Futm_source%3Dadmitad%26utm_medium%3Dpartner-network&i=5;Комплект подвесной унитаз Ideal Standard Connect Space E804601 + E772401 + система инсталляции Geberit 458.125.11.1;Type Is not found in library
632254;https://ad.admitad.com/g/dra8qamlvk037e654884d22e56a5b7/?f_id=18282&ulp=https%3A%2F%2Fsantehmoll.ru%2Fproduct%2Fsete804601_e772401_6_komplekt_ideal_standard_connect_space_e804601_e772401_458125211%2F%3Futm_source%3Dadmitad%26utm_medium%3Dpartner-network&i=5;Комплект подвесной унитаз Ideal Standard Connect Space E804601 + E772401 + система инсталляции Geberit 458.125.21.1;Type Is not found in library
635032;https://ad.admitad.com/g/dra8qamlvk037e654884d22e56a5b7/?f_id=18282&ulp=https%3A%2F%2Fsantehmoll.ru%2Fproduct%2Fset117320000_5_komplekt_teka_formentera_117320000_111362005%2F%3Futm_source%3Dadmitad%26utm_medium%3Dpartner-network&i=5;Комплект подвесной унитаз Teka Formentera 11.732.00.00 + система инсталляции Geberit 111.362.00.5;Type Is not found in library
635031;https://ad.admitad.com/g/dra8qamlvk037e654884d22e56a5b7/?f_id=18282&ulp=https%3A%2F%2Fsantehmoll.ru%2Fproduct%2Fset117320000_4_komplekt_teka_formentera_117320000_111300005%2F%3Futm_source%3Dadmitad%26utm_medium%3Dpartner-network&i=5;Комплект подвесной унитаз Teka Formentera 11.732.00.00 + система инсталляции Geberit 111.300.00.5;Type Is not found in library
635161;https://ad.admitad.com/g/dra8qamlvk037e654884d22e56a5b7/?f_id=18282&ulp=https%3A%2F%2Fsantehmoll.ru%2Fproduct%2Fset39206000_39458000_4_komplekt_grohe_euro_ceramic_39206000_39458000_111300005%2F%3Futm_source%3Dadmitad%26utm_medium%3Dpartner-network&i=5;Комплект подвесной унитаз Grohe Euro Ceramic 39206000 + 39330001 + система инсталляции Geberit 111.300.00.5;Type Is not found in library
581321;https://ad.admitad.com/g/dra8qamlvk037e654884d22e56a5b7/?f_id=18282&ulp=https%3A%2F%2Fsantehmoll.ru%2Fproduct%2F1010505_00_kludi_kludi_sifon_dlya_rakoviny_butylochnyy_metallicheskiy_cvet_khrom%2F%3Futm_source%3Dadmitad%26utm_medium%3Dpartner-network&i=5;Сифон для раковины Kludi 1010505-00;Type Is not found in library
635591;https://ad.admitad.com/g/dra8qamlvk037e654884d22e56a5b7/?f_id=18282&ulp=https%3A%2F%2Fsantehmoll.ru%2Fproduct%2Fsetede10200_e427000_7_komplekt_jacob_delafon_struktura_ede102_00_e4270_00_458125111%2F%3Futm_source%3Dadmitad%26utm_medium%3Dpartner-network&i=5;Комплект подвесной унитаз Jacob Delafon Struktura EDE102-00 + E4270-00 + система инсталляции Geberit 458.125.11.1;Type Is not found in library
635570;https://ad.admitad.com/g/dra8qamlvk037e654884d22e56a5b7/?f_id=18282&ulp=https%3A%2F%2Fsantehmoll.ru%2Fproduct%2Fkomplekt_smesiteley_hansgrohe_talis_s_set72400000_72020000%2F%3Futm_source%3Dadmitad%26utm_medium%3Dpartner-network&i=5;Комплект смесителей Hansgrohe Talis S 72400000 + 72020000;Type Is not found in library
635575;https://ad.admitad.com/g/dra8qamlvk037e654884d22e56a5b7/?f_id=18282&ulp=https%3A%2F%2Fsantehmoll.ru%2Fproduct%2Fsetede10200_e7002400_4_komplekt_jacob_delafon_struktura_ede102_00_e70024_00_111300005%2F%3Futm_source%3Dadmitad%26utm_medium%3Dpartner-network&i=5;Комплект подвесной унитаз Jacob Delafon Struktura EDE102-00 + E70024-00 + система инсталляции Geberit 111.300.00.5;Type Is not found in library
181190;https://ad.admitad.com/g/dra8qamlvk037e654884d22e56a5b7/?f_id=18282&ulp=https%3A%2F%2Fsantehmoll.ru%2Fproduct%2F26455000_fixfit_square_shlangovoe_podsoedinenie_s_zashchitoy_ot_obratnogo_toka%2F%3Futm_source%3Dadmitad%26utm_medium%3Dpartner-network&i=5;Подключение для душевого шланга Hansgrohe FixFit Square 26455000;Type Is not found in library
206602;https://ad.admitad.com/g/dra8qamlvk037e654884d22e56a5b7/?f_id=18282&ulp=https%3A%2F%2Fsantehmoll.ru%2Fproduct%2Fhg_talis_e_smesitel_dlya_dusha%2F%3Futm_source%3Dadmitad%26utm_medium%3Dpartner-network&i=5;Смеситель для душа Hansgrohe Talis E 71766000;Смеситель для душа
218735;https://ad.admitad.com/g/dra8qamlvk037e654884d22e56a5b7/?f_id=18282&ulp=https%3A%2F%2Fsantehmoll.ru%2Fproduct%2Fhg_talis_s_smesitel_dlya_dusha_sm_khrom2%2F%3Futm_source%3Dadmitad%26utm_medium%3Dpartner-network&i=5;Смеситель для душа Hansgrohe Talis S 72606000;Смеситель для душа
211792;https://ad.admitad.com/g/dra8qamlvk037e654884d22e56a5b7/?f_id=18282&ulp=https%3A%2F%2Fsantehmoll.ru%2Fproduct%2Fw80a_170_070w_r_like_karkas_dlya_vanny_a0_170kh70_sm_sht%2F%3Futm_source%3Dadmitad%26utm_medium%3Dpartner-network&i=5;Каркас для ванны 150х70 см Am.Pm Like W80A-170-070W-R;Type Is not found in library
539595;https://ad.admitad.com/g/dra8qamlvk037e654884d22e56a5b7/?f_id=18282&ulp=https%3A%2F%2Fsantehmoll.ru%2Fproduct%2Fhg_logis_smesitel_dlya_rakoviny12%2F%3Futm_source%3Dadmitad%26utm_medium%3Dpartner-network&i=5;Смеситель для раковины с донным клапаном Hansgrohe Logis 71107000;Смеситель для раковины
628794;https://ad.admitad.com/g/dra8qamlvk037e654884d22e56a5b7/?f_id=18282&ulp=https%3A%2F%2Fsantehmoll.ru%2Fproduct%2Fba413aa_smesitel_dlya_umyvalnika_wave_vidima%2F%3Futm_source%3Dadmitad%26utm_medium%3Dpartner-network&i=5;Смеситель для раковины без донного клапана Vidima Wave BA413AA;Смеситель для раковины
640279;https://ad.admitad.com/g/dra8qamlvk037e654884d22e56a5b7/?f_id=18282&ulp=https%3A%2F%2Fsantehmoll.ru%2Fproduct%2Fhg_rainfinity_130_3j_ruchnoy_dush_es_khr%2F%3Futm_source%3Dadmitad%26utm_medium%3Dpartner-network&i=5;Душевая лейка Hansgrohe Rainfinity EcoSmart 130 3jet 26865000;Type Is not found in library
661489;https://ad.admitad.com/g/dra8qamlvk037e654884d22e56a5b7/?f_id=18282&ulp=https%3A%2F%2Fsantehmoll.ru%2Fproduct%2Fsete130600_4_komplekt_jacob_delafon_escale_e1306_00_111300005%2F%3Futm_source%3Dadmitad%26utm_medium%3Dpartner-network&i=5;Комплект подвесной унитаз Jacob Delafon Escale E1306-00 + система инсталляции Geberit 111.300.00.5;Type Is not found in library
661488;https://ad.admitad.com/g/dra8qamlvk037e654884d22e56a5b7/?f_id=18282&ulp=https%3A%2F%2Fsantehmoll.ru%2Fproduct%2Fsete130600_5_komplekt_jacob_delafon_escale_e1306_00_111362005%2F%3Futm_source%3Dadmitad%26utm_medium%3Dpartner-network&i=5;Комплект подвесной унитаз Jacob Delafon Escale E1306-00 + система инсталляции Geberit 111.362.00.5;Type Is not found in library
189023;https://ad.admitad.com/g/dra8qamlvk037e654884d22e56a5b7/?f_id=18282&ulp=https%3A%2F%2Fsantehmoll.ru%2Fproduct%2Fmoyka_daisen_78_2_dc_artgranit_chernyy%2F%3Futm_source%3Dadmitad%26utm_medium%3Dpartner-network&i=5;Кухонная мойка черный Artgranit Omoikiri Daisen 78-2-BL;Кухонная мойка
660328;https://ad.admitad.com/g/dra8qamlvk037e654884d22e56a5b7/?f_id=18282&ulp=https%3A%2F%2Fsantehmoll.ru%2Fproduct%2Fgr_2002_polotencederzhatel_trubchatyy_dvoynoy_ocean_%2F%3Futm_source%3Dadmitad%26utm_medium%3Dpartner-network&i=5;Полотенцедержатель 45 см Grampus Ocean GR-2002;Полотенцедержатель
212092;https://ad.admitad.com/g/dra8qamlvk037e654884d22e56a5b7/?f_id=18282&ulp=https%3A%2F%2Fsantehmoll.ru%2Fproduct%2Fcreavit_cocuk_dekor_rakovina_35_sm_detskaya%2F%3Futm_source%3Dadmitad%26utm_medium%3Dpartner-network&i=5;Раковина 38х30 см Creavit Cocuk Decor CK035-00CB00E-FF00;Type Is not found in library
662314;https://ad.admitad.com/g/dra8qamlvk037e654884d22e56a5b7/?f_id=18282&ulp=https%3A%2F%2Fsantehmoll.ru%2Fproduct%2Fkomplekt_nouvelle_vague_edk102_00_e22124_00_111300005%2F%3Futm_source%3Dadmitad%26utm_medium%3Dpartner-network&i=5;Комплект подвесной унитаз Jacob Delafon Nouvelle Vague EDK102-00 + E22124-00 + система инсталляции Geberit 111.300.00.5;Type Is not found in library
189076;https://ad.admitad.com/g/dra8qamlvk037e654884d22e56a5b7/?f_id=18282&ulp=https%3A%2F%2Fsantehmoll.ru%2Fproduct%2Fmoyka_daisen_78_gr_artgranit_leningrad_grey%2F%3Futm_source%3Dadmitad%26utm_medium%3Dpartner-network&i=5;Кухонная мойка ленинградский серый Artgranit Omoikiri Daisen 78-GR;Кухонная мойка
386119;https://ad.admitad.com/g/dra8qamlvk037e654884d22e56a5b7/?f_id=18282&ulp=https%3A%2F%2Fsantehmoll.ru%2Fproduct%2Fmoyka_amadare_55_in_nerzhstal_nerzhaveyushchaya_stal_new%2F%3Futm_source%3Dadmitad%26utm_medium%3Dpartner-network&i=5;Кухонная мойка нержавеющая сталь Omoikiri Amadare 54-IN 4993718;Кухонная мойка
189728;https://ad.admitad.com/g/dra8qamlvk037e654884d22e56a5b7/?f_id=18282&ulp=https%3A%2F%2Fsantehmoll.ru%2Fproduct%2Fsmesitel_akashi_s_latun_khrom%2F%3Futm_source%3Dadmitad%26utm_medium%3Dpartner-network&i=5;Смеситель для кухни хром Omoikiri Akashi-S;Смеситель для кухни
201776;https://ad.admitad.com/g/dra8qamlvk037e654884d22e56a5b7/?f_id=18282&ulp=https%3A%2F%2Fsantehmoll.ru%2Fproduct%2Fdonnyy_klapan_avtomat9%2F%3Futm_source%3Dadmitad%26utm_medium%3Dpartner-network&i=5;Донный клапан с переливом Raiber RLST-58;Type Is not found in library
682981;https://ad.admitad.com/g/dra8qamlvk037e654884d22e56a5b7/?f_id=18282&ulp=https%3A%2F%2Fsantehmoll.ru%2Fproduct%2F1a2221k1nrc80%2F%3Futm_source%3Dadmitad%26utm_medium%3Dpartner-network&i=5;Тумба с раковиной белый глянец/грецкий орех 60 см Акватон Рене 1A2585K0NRC80;Тумба
181780;https://ad.admitad.com/g/dra8qamlvk037e654884d22e56a5b7/?f_id=18282&ulp=https%3A%2F%2Fsantehmoll.ru%2Fproduct%2Fdver_v_nishu_1600kh195026%2F%3Futm_source%3Dadmitad%26utm_medium%3Dpartner-network&i=5;Душевая дверь раздвижная Cezares Stylus-M 160 см прозрачное стекло STYLUS-O-M-BF-1-160-C-Cr;Type Is not found in library
449736;https://ad.admitad.com/g/dra8qamlvk037e654884d22e56a5b7/?f_id=18282&ulp=https%3A%2F%2Fsantehmoll.ru%2Fproduct%2Fvedro_s_pedalyu_12_litrov_defesto_%2F%3Futm_source%3Dadmitad%26utm_medium%3Dpartner-network&i=5;Мусорное ведро 12л Defesto Pro DEF 006;Type Is not found in library
466356;https://ad.admitad.com/g/dra8qamlvk037e654884d22e56a5b7/?f_id=18282&ulp=https%3A%2F%2Fsantehmoll.ru%2Fproduct%2Fzerkalo_70kh100_sm_evoform_by_0023_%2F%3Futm_source%3Dadmitad%26utm_medium%3Dpartner-network&i=5;Зеркало 70х100 см Evoform Primary BY 0023;Зеркало
